<?xml version="1.0" encoding="UTF-8" standalone="yes"?>
<manifest>
  <control namespace="PCFControls" constructor="CreditCardControl" version="0.0.1" display-name-key="CreditCardControl" description-key="CreditCardControl description" control-type="virtual" api-version="1.3.11">
    <external-service-usage enabled="false"/>
    <property name="CreditCardNumber" display-name-key="CreditCardValidator_CreditCardNumber" description-key="Credit Card Number field" of-type="SingleLine.Text" usage="bound" required="true"/>
    <resources>
      <code path="bundle.js" order="1"/>
      <platform-library name="React" version="16.8.6"/>
      <platform-library name="Fluent" version="8.29.0"/>
    </resources>
    <built-by name="pac" version="1.30.2"/>
  </control>
</manifest>