<manifest><control namespace="MDT.VirtualControl.Core" constructor="ActionButton" version="0.0.2" display-name-key="ActionButton" description-key="ActionButton description" control-type="virtual" api-version="1.3.5"><external-service-usage enabled="false" /><property name="buttonAttribute" display-name-key="Button_Attribute" description-key="Button_Attribute" of-type="SingleLine.Text" usage="bound" required="true" /><property name="buttonText" display-name-key="Button_Text" description-key="Button_Text" of-type="SingleLine.Text" usage="input" required="true" /><property name="buttonStatus" display-name-key="Button_Status" description-key="Button_Status" of-type="TwoOptions" usage="input" required="false" /><property name="buttonIcon" display-name-key="Button_Icon" description-key="Button_Icon" of-type="SingleLine.Text" usage="input" required="false" /><property name="buttonType" display-name-key="Button_Type" description-key="Button_Type" of-type="Enum" usage="input" required="true"><value name="Default" display-name-key="Default" description-key="Default button">Default</value><value name="Compound" display-name-key="Compound" description-key="Compound button">Compound</value></property><property name="buttonStyle" display-name-key="Button_Style" description-key="Button_Style" of-type="Enum" usage="input" required="true"><value name="Standard" display-name-key="Standard" description-key="Standard button style">Standard</value><value name="Primary" display-name-key="Primary" description-key="Primary button">Primary</value></property><property name="secondaryText" display-name-key="Compound_Secondary_Text" description-key="Compound_Secondary_Text" of-type="SingleLine.Text" usage="input" required="true" /><resources><code path="bundle.js" order="1" /><platform-library name="React" version="16.8.6" /><platform-library name="Fluent" version="8.29.0" /></resources><built-by name="pac" version="1.21.8" /></control></manifest>