<?xml version="1.0" encoding="UTF-8" standalone="yes"?>
<manifest>
  <control namespace="MDT.VirtualControl.Core" constructor="TagListJson" version="0.1.1" display-name-key="TagListJson" description-key="TagListJson description" control-type="virtual" api-version="1.3.4">
    <external-service-usage enabled="false"/>
    <property name="jsonAttribute" display-name-key="JSON Attribute" description-key="JSON Attribute" of-type-group="TextGroup" usage="bound" required="true"/>
    <type-group name="TextGroup">
      <type>SingleLine.Text</type>
      <type>SingleLine.TextArea</type>
      <type>Multiple</type>
    </type-group>
    <resources>
      <code path="bundle.js" order="1"/>
      <css path="css/TagListJson.css" order="1"/>
      <platform-library name="React" version="16.8.6"/>
      <platform-library name="Fluent" version="8.29.0"/>
    </resources>
    <built-by name="pac" version="1.21.5"/>
  </control>
</manifest>