<?xml version="1.0" encoding="UTF-8" standalone="yes"?>
<manifest>
  <control namespace="PCFControls" constructor="PCFCreditCardValidator" version="0.0.1" display-name-key="PCFControls.PCFCreditCardValidator" description-key="Credit Card Control for PCF" control-type="standard" api-version="1.2.1">
    <property name="CreditCardNumber" display-name-key="PCFCreditCardValidator_CreditCardNumber" description-key="Credit Card Number field" of-type="SingleLine.Text" usage="bound" required="true"/>
    <resources>
      <code path="bundle.js" order="1"/>
      <css path="pcfcontrols.css" order="1"/>
    </resources>
    <built-by name="pac" version="1.0.6"/>
  </control>
</manifest>