<appaction uniquename="mdt__Qualify!a406b3df20064359b2e2d05c24c5cdbd!mdt_NotificationsApp!mdt_lead!0">
  <appmoduleid>
    <uniquename>mdt_NotificationsApp</uniquename>
  </appmoduleid>
  <buttonlabeltext default="Qualify">
    <label description="Qualify" languagecode="1033" />
  </buttonlabeltext>
  <buttonsequencepriority>65.0000000000</buttonsequencepriority>
  <context>1</context>
  <contextentity>
    <logicalname>mdt_lead</logicalname>
  </contextentity>
  <contextvalue>mdt_lead</contextvalue>
  <fonticon>$clientsvg:CallQualify</fonticon>
  <hidden>0</hidden>
  <iscustomizable>1</iscustomizable>
  <isgrouptitlehidden>0</isgrouptitlehidden>
  <location>0</location>
  <name>Qualify!a406b3df20064359b2e2d05c24c5cdbd</name>
  <onclickeventformulacomponentlibraryid>
    <name>mdt_notificationsappdefaultcommandlibrary_70e89</name>
  </onclickeventformulacomponentlibraryid>
  <onclickeventformulacomponentname>7cf33ec92a5e45d890a86af2278bac92</onclickeventformulacomponentname>
  <onclickeventformulafunctionname>OnSelect</onclickeventformulafunctionname>
  <onclickeventtype>1</onclickeventtype>
  <statecode>0</statecode>
  <statuscode>1</statuscode>
  <type>0</type>
  <visibilitytype>0</visibilitytype>
</appaction>