<appaction uniquename="mdt__Disqualify!63c84d198f0f440cac89e45e637d98db!mdt_NotificationsApp!mdt_lead!0">
  <appmoduleid>
    <uniquename>mdt_NotificationsApp</uniquename>
  </appmoduleid>
  <buttonlabeltext default="Disqualify">
    <label description="Disqualify" languagecode="1033" />
  </buttonlabeltext>
  <buttonsequencepriority>67.5000000000</buttonsequencepriority>
  <context>1</context>
  <contextentity>
    <logicalname>mdt_lead</logicalname>
  </contextentity>
  <contextvalue>mdt_lead</contextvalue>
  <fonticon>$clientsvg:CallDisqualify</fonticon>
  <hidden>0</hidden>
  <iscustomizable>1</iscustomizable>
  <isgrouptitlehidden>0</isgrouptitlehidden>
  <location>0</location>
  <name>Disqualify!63c84d198f0f440cac89e45e637d98db</name>
  <onclickeventformulacomponentlibraryid>
    <name>mdt_notificationsappdefaultcommandlibrary_70e89</name>
  </onclickeventformulacomponentlibraryid>
  <onclickeventformulacomponentname>b99827f9335e429a80150069e6925002</onclickeventformulacomponentname>
  <onclickeventformulafunctionname>OnSelect</onclickeventformulafunctionname>
  <onclickeventtype>1</onclickeventtype>
  <statecode>0</statecode>
  <statuscode>1</statuscode>
  <type>0</type>
  <visibilitytype>0</visibilitytype>
</appaction>