<appaction uniquename="mdt__CancelCase!301944edeba94dc1b7737989e5bd8a03!mdt_NotificationsApp!mdt_case!0">
  <appmoduleid>
    <uniquename>mdt_NotificationsApp</uniquename>
  </appmoduleid>
  <buttonlabeltext default="Cancel Case">
    <label description="Cancel Case" languagecode="1033" />
  </buttonlabeltext>
  <buttonsequencepriority>48.7500000000</buttonsequencepriority>
  <context>1</context>
  <contextentity>
    <logicalname>mdt_case</logicalname>
  </contextentity>
  <contextvalue>mdt_case</contextvalue>
  <fonticon>CancelCase</fonticon>
  <hidden>0</hidden>
  <iscustomizable>1</iscustomizable>
  <isgrouptitlehidden>0</isgrouptitlehidden>
  <location>0</location>
  <name>CancelCase!301944edeba94dc1b7737989e5bd8a03</name>
  <onclickeventformulacomponentlibraryid>
    <name>mdt_notificationsappdefaultcommandlibrary_70e89</name>
  </onclickeventformulacomponentlibraryid>
  <onclickeventformulacomponentname>dd842ffe62584b68ad813ad1bc97a679</onclickeventformulacomponentname>
  <onclickeventformulafunctionname>OnSelect</onclickeventformulafunctionname>
  <onclickeventtype>1</onclickeventtype>
  <statecode>0</statecode>
  <statuscode>1</statuscode>
  <type>0</type>
  <visibilitytype>0</visibilitytype>
</appaction>