<appaction uniquename="mdt__ResolveCase!7388b87756ae4c86825ab9be82bd204c!mdt_NotificationsApp!mdt_case!0">
  <appmoduleid>
    <uniquename>mdt_NotificationsApp</uniquename>
  </appmoduleid>
  <buttonlabeltext default="Resolve Case">
    <label description="Resolve Case" languagecode="1033" />
  </buttonlabeltext>
  <buttonsequencepriority>47.5000000000</buttonsequencepriority>
  <context>1</context>
  <contextentity>
    <logicalname>mdt_case</logicalname>
  </contextentity>
  <contextvalue>mdt_case</contextvalue>
  <fonticon>$clientsvg:PageCompleted</fonticon>
  <hidden>0</hidden>
  <iscustomizable>1</iscustomizable>
  <isgrouptitlehidden>0</isgrouptitlehidden>
  <location>0</location>
  <name>ResolveCase!7388b87756ae4c86825ab9be82bd204c</name>
  <onclickeventformulacomponentlibraryid>
    <name>mdt_notificationsappdefaultcommandlibrary_70e89</name>
  </onclickeventformulacomponentlibraryid>
  <onclickeventformulacomponentname>1785bf620de141bf828150e89c57ced1</onclickeventformulacomponentname>
  <onclickeventformulafunctionname>OnSelect</onclickeventformulafunctionname>
  <onclickeventtype>1</onclickeventtype>
  <statecode>0</statecode>
  <statuscode>1</statuscode>
  <type>0</type>
  <visibilitytype>0</visibilitytype>
</appaction>