<?xml version="1.0" encoding="UTF-8" standalone="yes"?>
<manifest>
  <control namespace="MDT.VirtualControl.Core" constructor="NotificationList" version="0.0.1" display-name-key="NotificationList" description-key="NotificationList description" control-type="virtual" api-version="1.3.4">
    <external-service-usage enabled="false"/>
    <data-set name="notificationDataSet" display-name-key="Dataset_Notification_History" cds-data-set-options="displayCommandBar:true;displayViewSelector:true"/>
    <property name="publisherPrefix" display-name-key="Property_Display_Key" description-key="Property_Desc_Key" of-type="SingleLine.Text" usage="input" required="true"/>
    <resources>
      <code path="bundle.js" order="1"/>
      <css path="css/NotificationList.css" order="1"/>
      <platform-library name="React" version="16.8.6"/>
      <platform-library name="Fluent" version="8.29.0"/>
    </resources>
    <feature-usage>
      <uses-feature name="Utility" required="true"/>
      <uses-feature name="WebAPI" required="true"/>
    </feature-usage>
    <built-by name="pac" version="1.21.8"/>
  </control>
</manifest>