<ImportExportXml version="9.2.23014.182" SolutionPackageVersion="9.2" languagecode="1033" generatedBy="CrmLive" xmlns:xsi="http://www.w3.org/2001/XMLSchema-instance">
  <SolutionManifest>
    <UniqueName>GlobalNotifications</UniqueName>
    <LocalizedNames>
      <LocalizedName description="Global Notifications" languagecode="1033" />
    </LocalizedNames>
    <Descriptions />
    <Version>1.0.0.4</Version>
    <Managed>0</Managed>
    <Publisher>
      <UniqueName>MDTPublisher</UniqueName>
      <LocalizedNames>
        <LocalizedName description="MDT Publisher" languagecode="1033" />
      </LocalizedNames>
      <Descriptions>
        <Description description="Publisher for EMDITI" languagecode="1033" />
      </Descriptions>
      <EMailAddress xsi:nil="true"></EMailAddress>
      <SupportingWebsiteUrl xsi:nil="true"></SupportingWebsiteUrl>
      <CustomizationPrefix>mdt</CustomizationPrefix>
      <CustomizationOptionValuePrefix>10000</CustomizationOptionValuePrefix>
      <Addresses>
        <Address>
          <AddressNumber>1</AddressNumber>
          <AddressTypeCode>1</AddressTypeCode>
          <City xsi:nil="true"></City>
          <County xsi:nil="true"></County>
          <Country xsi:nil="true"></Country>
          <Fax xsi:nil="true"></Fax>
          <FreightTermsCode xsi:nil="true"></FreightTermsCode>
          <ImportSequenceNumber xsi:nil="true"></ImportSequenceNumber>
          <Latitude xsi:nil="true"></Latitude>
          <Line1 xsi:nil="true"></Line1>
          <Line2 xsi:nil="true"></Line2>
          <Line3 xsi:nil="true"></Line3>
          <Longitude xsi:nil="true"></Longitude>
          <Name xsi:nil="true"></Name>
          <PostalCode xsi:nil="true"></PostalCode>
          <PostOfficeBox xsi:nil="true"></PostOfficeBox>
          <PrimaryContactName xsi:nil="true"></PrimaryContactName>
          <ShippingMethodCode>1</ShippingMethodCode>
          <StateOrProvince xsi:nil="true"></StateOrProvince>
          <Telephone1 xsi:nil="true"></Telephone1>
          <Telephone2 xsi:nil="true"></Telephone2>
          <Telephone3 xsi:nil="true"></Telephone3>
          <TimeZoneRuleVersionNumber xsi:nil="true"></TimeZoneRuleVersionNumber>
          <UPSZone xsi:nil="true"></UPSZone>
          <UTCOffset xsi:nil="true"></UTCOffset>
          <UTCConversionTimeZoneCode xsi:nil="true"></UTCConversionTimeZoneCode>
        </Address>
        <Address>
          <AddressNumber>2</AddressNumber>
          <AddressTypeCode>1</AddressTypeCode>
          <City xsi:nil="true"></City>
          <County xsi:nil="true"></County>
          <Country xsi:nil="true"></Country>
          <Fax xsi:nil="true"></Fax>
          <FreightTermsCode xsi:nil="true"></FreightTermsCode>
          <ImportSequenceNumber xsi:nil="true"></ImportSequenceNumber>
          <Latitude xsi:nil="true"></Latitude>
          <Line1 xsi:nil="true"></Line1>
          <Line2 xsi:nil="true"></Line2>
          <Line3 xsi:nil="true"></Line3>
          <Longitude xsi:nil="true"></Longitude>
          <Name xsi:nil="true"></Name>
          <PostalCode xsi:nil="true"></PostalCode>
          <PostOfficeBox xsi:nil="true"></PostOfficeBox>
          <PrimaryContactName xsi:nil="true"></PrimaryContactName>
          <ShippingMethodCode>1</ShippingMethodCode>
          <StateOrProvince xsi:nil="true"></StateOrProvince>
          <Telephone1 xsi:nil="true"></Telephone1>
          <Telephone2 xsi:nil="true"></Telephone2>
          <Telephone3 xsi:nil="true"></Telephone3>
          <TimeZoneRuleVersionNumber xsi:nil="true"></TimeZoneRuleVersionNumber>
          <UPSZone xsi:nil="true"></UPSZone>
          <UTCOffset xsi:nil="true"></UTCOffset>
          <UTCConversionTimeZoneCode xsi:nil="true"></UTCConversionTimeZoneCode>
        </Address>
      </Addresses>
    </Publisher>
    <RootComponents>
      <RootComponent type="1" schemaName="appnotification" behavior="2" />
      <RootComponent type="1" schemaName="contact" behavior="1" />
      <RootComponent type="1" schemaName="mdt_case" behavior="0" />
      <RootComponent type="1" schemaName="mdt_lead" behavior="0" />
      <RootComponent type="1" schemaName="mdt_notificationlog" behavior="0" />
      <RootComponent type="29" id="{0e144ec2-6cb2-ed11-83fe-000d3a1d519c}" behavior="0" />
      <RootComponent type="29" id="{354e3046-70b2-ed11-83fe-000d3a1d519c}" behavior="0" />
      <RootComponent type="29" id="{48272dc0-8e94-ed11-aad1-000d3a1d5514}" behavior="0" />
      <RootComponent type="29" id="{773da963-ceae-ed11-aad1-000d3a1d52c8}" behavior="0" />
      <RootComponent type="29" id="{b29cb736-87ae-ed11-aad1-000d3a1d519c}" behavior="0" />
      <RootComponent type="29" id="{c20fcbcc-83ae-ed11-aad1-000d3a1d519c}" behavior="0" />
      <RootComponent type="29" id="{e4fbe840-62a7-ed11-aad1-000d3a1d52c8}" behavior="0" />
      <RootComponent type="62" schemaName="mdt_NotificationsApp" behavior="0" />
      <RootComponent type="66" schemaName="mdt_MDT.VirtualControl.Core.NotificationList" behavior="0" />
      <RootComponent type="80" schemaName="mdt_NotificationsApp" behavior="0" />
      <RootComponent type="300" schemaName="mdt_notificationsappdefaultcommandlibrary_70e89" behavior="0" />
    </RootComponents>
    <MissingDependencies>
      <MissingDependency>
        <Required type="1" schemaName="appnotification" displayName="Notification" solution="AppNotifications (10.0.0.11)" />
        <Dependent type="1" schemaName="appnotification" displayName="Notification" />
      </MissingDependency>
      <MissingDependency>
        <Required type="1" schemaName="appnotification" displayName="Notification" solution="AppNotifications (10.0.0.11)" />
        <Dependent type="2" schemaName="createdby" displayName="Created By" parentSchemaName="appnotification" parentDisplayName="Notification" />
      </MissingDependency>
      <MissingDependency>
        <Required type="1" schemaName="appnotification" displayName="Notification" solution="AppNotifications (10.0.0.11)" />
        <Dependent type="2" schemaName="createdonbehalfby" displayName="Created By (Delegate)" parentSchemaName="appnotification" parentDisplayName="Notification" />
      </MissingDependency>
      <MissingDependency>
        <Required type="1" schemaName="appnotification" displayName="Notification" solution="AppNotifications (10.0.0.11)" />
        <Dependent type="2" schemaName="modifiedby" displayName="Modified By" parentSchemaName="appnotification" parentDisplayName="Notification" />
      </MissingDependency>
      <MissingDependency>
        <Required type="1" schemaName="appnotification" displayName="Notification" solution="AppNotifications (10.0.0.11)" />
        <Dependent type="2" schemaName="modifiedonbehalfby" displayName="Modified By (Delegate)" parentSchemaName="appnotification" parentDisplayName="Notification" />
      </MissingDependency>
      <MissingDependency>
        <Required type="1" schemaName="appnotification" displayName="Notification" solution="AppNotifications (10.0.0.11)" />
        <Dependent type="2" schemaName="ownerid" displayName="Owner" parentSchemaName="appnotification" parentDisplayName="Notification" />
      </MissingDependency>
      <MissingDependency>
        <Required type="1" schemaName="appnotification" displayName="Notification" solution="AppNotifications (10.0.0.11)" />
        <Dependent type="2" schemaName="owningbusinessunit" displayName="Owning Business Unit" parentSchemaName="appnotification" parentDisplayName="Notification" />
      </MissingDependency>
      <MissingDependency>
        <Required type="1" schemaName="appnotification" displayName="Notification" solution="AppNotifications (10.0.0.11)" />
        <Dependent type="2" schemaName="versionnumber" displayName="Version Number" parentSchemaName="appnotification" parentDisplayName="Notification" />
      </MissingDependency>
      <MissingDependency>
        <Required type="1" schemaName="appnotification" displayName="Notification" solution="AppNotifications (10.0.0.11)" />
        <Dependent type="29" displayName="Global Notification Child Flow" id="{48272dc0-8e94-ed11-aad1-000d3a1d5514}" />
      </MissingDependency>
      <MissingDependency>
        <Required type="2" schemaName="appmoduleid" displayName="Model-driven app" parentSchemaName="appnotification" parentDisplayName="Notification" solution="AppNotifications (10.0.0.11)" />
        <Dependent type="2" schemaName="appmoduleid" displayName="Model-driven app" parentSchemaName="appnotification" parentDisplayName="Notification" />
      </MissingDependency>
      <MissingDependency>
        <Required type="2" schemaName="appnotificationid" displayName="Notification" parentSchemaName="appnotification" parentDisplayName="Notification" solution="AppNotifications (10.0.0.11)" />
        <Dependent type="2" schemaName="appnotificationid" displayName="Notification" parentSchemaName="appnotification" parentDisplayName="Notification" />
      </MissingDependency>
      <MissingDependency>
        <Required type="2" schemaName="body" displayName="Body" parentSchemaName="appnotification" parentDisplayName="Notification" solution="AppNotifications (10.0.0.11)" />
        <Dependent type="2" schemaName="body" displayName="Body" parentSchemaName="appnotification" parentDisplayName="Notification" />
      </MissingDependency>
      <MissingDependency>
        <Required type="2" schemaName="createdon" displayName="Created On" parentSchemaName="appnotification" parentDisplayName="Notification" solution="AppNotifications (10.0.0.11)" />
        <Dependent type="2" schemaName="createdon" displayName="Created On" parentSchemaName="appnotification" parentDisplayName="Notification" />
      </MissingDependency>
      <MissingDependency>
        <Required type="2" schemaName="data" displayName="Data" parentSchemaName="appnotification" parentDisplayName="Notification" solution="AppNotifications (10.0.0.11)" />
        <Dependent type="2" schemaName="data" displayName="Data" parentSchemaName="appnotification" parentDisplayName="Notification" />
      </MissingDependency>
      <MissingDependency>
        <Required type="2" schemaName="icontype" displayName="IconType" parentSchemaName="appnotification" parentDisplayName="Notification" solution="AppNotifications (10.0.0.11)" />
        <Dependent type="2" schemaName="icontype" displayName="IconType" parentSchemaName="appnotification" parentDisplayName="Notification" />
      </MissingDependency>
      <MissingDependency>
        <Required type="2" schemaName="importsequencenumber" displayName="Import Sequence Number" parentSchemaName="appnotification" parentDisplayName="Notification" solution="AppNotifications (10.0.0.11)" />
        <Dependent type="2" schemaName="importsequencenumber" displayName="Import Sequence Number" parentSchemaName="appnotification" parentDisplayName="Notification" />
      </MissingDependency>
      <MissingDependency>
        <Required type="2" schemaName="modifiedon" displayName="Modified On" parentSchemaName="appnotification" parentDisplayName="Notification" solution="AppNotifications (10.0.0.11)" />
        <Dependent type="2" schemaName="modifiedon" displayName="Modified On" parentSchemaName="appnotification" parentDisplayName="Notification" />
      </MissingDependency>
      <MissingDependency>
        <Required type="2" schemaName="overriddencreatedon" displayName="Record Created On" parentSchemaName="appnotification" parentDisplayName="Notification" solution="AppNotifications (10.0.0.11)" />
        <Dependent type="2" schemaName="overriddencreatedon" displayName="Record Created On" parentSchemaName="appnotification" parentDisplayName="Notification" />
      </MissingDependency>
      <MissingDependency>
        <Required type="2" schemaName="partitionid" displayName="Partition Id" parentSchemaName="appnotification" parentDisplayName="Notification" solution="AppNotifications (10.0.0.11)" />
        <Dependent type="2" schemaName="partitionid" displayName="Partition Id" parentSchemaName="appnotification" parentDisplayName="Notification" />
      </MissingDependency>
      <MissingDependency>
        <Required type="2" schemaName="priority" displayName="Priority" parentSchemaName="appnotification" parentDisplayName="Notification" solution="AppNotifications (10.0.0.11)" />
        <Dependent type="2" schemaName="priority" displayName="Priority" parentSchemaName="appnotification" parentDisplayName="Notification" />
      </MissingDependency>
      <MissingDependency>
        <Required type="2" schemaName="timezoneruleversionnumber" displayName="Time Zone Rule Version Number" parentSchemaName="appnotification" parentDisplayName="Notification" solution="AppNotifications (10.0.0.11)" />
        <Dependent type="2" schemaName="timezoneruleversionnumber" displayName="Time Zone Rule Version Number" parentSchemaName="appnotification" parentDisplayName="Notification" />
      </MissingDependency>
      <MissingDependency>
        <Required type="2" schemaName="title" displayName="Title" parentSchemaName="appnotification" parentDisplayName="Notification" solution="AppNotifications (10.0.0.11)" />
        <Dependent type="2" schemaName="title" displayName="Title" parentSchemaName="appnotification" parentDisplayName="Notification" />
      </MissingDependency>
      <MissingDependency>
        <Required type="2" schemaName="toasttype" displayName="Toast Type" parentSchemaName="appnotification" parentDisplayName="Notification" solution="AppNotifications (10.0.0.11)" />
        <Dependent type="2" schemaName="toasttype" displayName="Toast Type" parentSchemaName="appnotification" parentDisplayName="Notification" />
      </MissingDependency>
      <MissingDependency>
        <Required type="2" schemaName="ttlinseconds" displayName="Expiry (seconds)" parentSchemaName="appnotification" parentDisplayName="Notification" solution="AppNotifications (10.0.0.11)" />
        <Dependent type="2" schemaName="ttlinseconds" displayName="Expiry (seconds)" parentSchemaName="appnotification" parentDisplayName="Notification" />
      </MissingDependency>
      <MissingDependency>
        <Required type="2" schemaName="utcconversiontimezonecode" displayName="UTC Conversion Time Zone Code" parentSchemaName="appnotification" parentDisplayName="Notification" solution="AppNotifications (10.0.0.11)" />
        <Dependent type="2" schemaName="utcconversiontimezonecode" displayName="UTC Conversion Time Zone Code" parentSchemaName="appnotification" parentDisplayName="Notification" />
      </MissingDependency>
      <MissingDependency>
        <Required type="2" schemaName="mdt_kycresults" displayName="KYC Results" parentSchemaName="contact" parentDisplayName="Contact" solution="Active" />
        <Dependent type="60" displayName="Contact Controls" parentDisplayName="Contact" id="{c09a7b84-599c-ed11-aad1-000d3a1d519c}" />
      </MissingDependency>
      <MissingDependency>
        <Required type="61" schemaName="msdyn_/Images/AppModule_Default_Icon.png" displayName="msdyn_/Images/AppModule_Default_Icon.png" solution="AppModuleWebResources (2.5)" />
        <Dependent type="80" schemaName="mdt_NotificationsApp" displayName="Notifications App" />
      </MissingDependency>
      <MissingDependency>
        <Required type="66" schemaName="mdt_MDT.VirtualControl.Core.TagListJson" displayName="mdt_MDT.VirtualControl.Core.TagListJson" solution="Active" />
        <Dependent type="60" displayName="Contact Controls" parentDisplayName="Contact" id="{c09a7b84-599c-ed11-aad1-000d3a1d519c}" />
      </MissingDependency>
      <MissingDependency>
        <Required type="66" schemaName="MscrmControls.CardFeedContainer.CardFeedContainer" displayName="MscrmControls.CardFeedContainer.CardFeedContainer" solution="BaseCustomControlsCore (9.0.2301.4012)" />
        <Dependent type="60" displayName="Contact Controls" parentDisplayName="Contact" id="{c09a7b84-599c-ed11-aad1-000d3a1d519c}" />
      </MissingDependency>
      <MissingDependency>
        <Required type="SettingDefinition" displayName="AllowNotificationsEarlyAccess" solution="AppNotifications (10.0.0.11)" id.uniquename="AllowNotificationsEarlyAccess" />
        <Dependent type="AppSetting" displayName="parentappmoduleid.uniquename=mdt_NotificationsApp,settingdefinitionid.uniquename=AllowNotificationsEarlyAccess" id.parentappmoduleid.uniquename="mdt_NotificationsApp" id.settingdefinitionid.uniquename="AllowNotificationsEarlyAccess" />
      </MissingDependency>
      <MissingDependency>
        <Required type="SettingDefinition" displayName="FluentThemingPreview" solution="msdyn_PowerAppsThemingSettings (1.0.0.6)" id.uniquename="FluentThemingPreview" />
        <Dependent type="AppSetting" displayName="parentappmoduleid.uniquename=mdt_NotificationsApp,settingdefinitionid.uniquename=FluentThemingPreview" id.parentappmoduleid.uniquename="mdt_NotificationsApp" id.settingdefinitionid.uniquename="FluentThemingPreview" />
      </MissingDependency>
    </MissingDependencies>
  </SolutionManifest>
</ImportExportXml>