{
  "properties": {
    "connectionReferences": {
      "shared_commondataserviceforapps": {
        "runtimeSource": "embedded",
        "connection": {
          "connectionReferenceLogicalName": "mdt_sharedcommondataserviceforapps_021cc"
        },
        "api": {
          "name": "shared_commondataserviceforapps"
        }
      }
    },
    "definition": {
      "$schema": "https://schema.management.azure.com/providers/Microsoft.Logic/schemas/2016-06-01/workflowdefinition.json#",
      "contentVersion": "1.0.0.0",
      "parameters": {
        "$connections": {
          "defaultValue": {},
          "type": "Object"
        },
        "$authentication": {
          "defaultValue": {},
          "type": "SecureObject"
        }
      },
      "triggers": {
        "When_a_row_is_added,_modified_or_deleted": {
          "metadata": {
            "operationMetadataId": "d5dcb5cd-b7f4-48bb-9db0-c604209f27bf"
          },
          "type": "OpenApiConnectionWebhook",
          "inputs": {
            "host": {
              "connectionName": "shared_commondataserviceforapps",
              "operationId": "SubscribeWebhookTrigger",
              "apiId": "/providers/Microsoft.PowerApps/apis/shared_commondataserviceforapps"
            },
            "parameters": {
              "subscriptionRequest/message": 3,
              "subscriptionRequest/entityname": "mdt_case",
              "subscriptionRequest/scope": 4,
              "subscriptionRequest/filterexpression": "mdt_statusreasoncode eq 31"
            },
            "authentication": "@parameters('$authentication')"
          }
        }
      },
      "actions": {
        "Run_a_Child_Flow": {
          "runAfter": {},
          "metadata": {
            "operationMetadataId": "abc3129a-b7f2-4164-88f1-a91046375a35"
          },
          "type": "Workflow",
          "inputs": {
            "host": {
              "workflowReferenceName": "48272dc0-8e94-ed11-aad1-000d3a1d5514"
            },
            "body": {
              "text": "Pending Case has been cancelled",
              "text_1": "You can numbered @{triggerOutputs()?['body/mdt_casenumber']} with the title of @{triggerOutputs()?['body/mdt_title']} has been cancelled. Please check your email for additional details about this case. ",
              "text_2": "@triggerOutputs()?['body/_mdt_contactid_value']",
              "text_3": "mdt_cases",
              "text_4": "@triggerOutputs()?['body/mdt_caseid']",
              "text_5": "@triggerOutputs()?['body/_modifiedby_value']",
              "text_6": [
                "Microsoft Outlook (Email)"
              ]
            }
          }
        }
      },
      "outputs": {}
    },
    "templateName": ""
  },
  "schemaVersion": "1.0.0.0"
}