{
  "properties": {
    "connectionReferences": {
      "shared_commondataserviceforapps": {
        "runtimeSource": "embedded",
        "connection": {
          "connectionReferenceLogicalName": "mdt_sharedcommondataserviceforapps_021cc"
        },
        "api": {
          "name": "shared_commondataserviceforapps"
        }
      },
      "shared_office365": {
        "runtimeSource": "embedded",
        "connection": {
          "connectionReferenceLogicalName": "mdt_sharedoffice365_d7d86"
        },
        "api": {
          "name": "shared_office365"
        }
      },
      "shared_teams": {
        "runtimeSource": "embedded",
        "connection": {
          "connectionReferenceLogicalName": "mdt_sharedteams_0ff86"
        },
        "api": {
          "name": "shared_teams"
        }
      },
      "shared_sql_1": {
        "runtimeSource": "embedded",
        "connection": {
          "connectionReferenceLogicalName": "mdt_SQLServerConnectionReference"
        },
        "api": {
          "name": "shared_sql"
        }
      }
    },
    "definition": {
      "$schema": "https://schema.management.azure.com/providers/Microsoft.Logic/schemas/2016-06-01/workflowdefinition.json#",
      "contentVersion": "1.0.0.0",
      "parameters": {
        "$connections": {
          "defaultValue": {},
          "type": "Object"
        },
        "$authentication": {
          "defaultValue": {},
          "type": "SecureObject"
        },
        "Default App Id (mdt_DefaultAppId)": {
          "defaultValue": "37f142a0-94e2-ec11-bb3d-000d3a198b79",
          "type": "String",
          "metadata": {
            "schemaName": "mdt_DefaultAppId"
          }
        }
      },
      "triggers": {
        "manual": {
          "metadata": {
            "operationMetadataId": "fd2c82bb-c15e-439a-802d-da3e1b5185f7"
          },
          "type": "Request",
          "kind": "Button",
          "inputs": {
            "schema": {
              "type": "object",
              "properties": {
                "text": {
                  "title": "Title",
                  "type": "string",
                  "x-ms-dynamically-added": true,
                  "description": "Please enter the notification title",
                  "x-ms-content-hint": "TEXT"
                },
                "text_1": {
                  "title": "Body",
                  "type": "string",
                  "x-ms-dynamically-added": true,
                  "description": "Please enter the notification content",
                  "x-ms-content-hint": "TEXT"
                },
                "text_2": {
                  "title": "Contact",
                  "type": "string",
                  "x-ms-dynamically-added": true,
                  "description": "Please enter the unique identifier of the contact record (GUID)",
                  "x-ms-content-hint": "TEXT"
                },
                "text_3": {
                  "title": "Regarding Type",
                  "type": "string",
                  "x-ms-dynamically-added": true,
                  "description": "Please enter the plural name of the table associated with this notification",
                  "x-ms-content-hint": "TEXT",
                  "enum": [
                    "accounts",
                    "contacts",
                    "mdt_leads",
                    "mdt_cases"
                  ]
                },
                "text_4": {
                  "title": "Regarding",
                  "type": "string",
                  "x-ms-dynamically-added": true,
                  "description": "Please enter the unique identifier of the regarding record (GUID)",
                  "x-ms-content-hint": "TEXT"
                },
                "text_5": {
                  "title": "Target User",
                  "type": "string",
                  "x-ms-dynamically-added": true,
                  "description": "Please enter the unique identifier of the user record the notification will be sent to (GUID)",
                  "x-ms-content-hint": "TEXT"
                },
                "text_6": {
                  "title": "Notification Type",
                  "type": "array",
                  "x-ms-dynamically-added": true,
                  "description": "Please enter the types of notifications that you want this to be sent to (multiple options available)",
                  "items": {
                    "enum": [
                      "Dataverse (In-App Notifications)",
                      "Microsoft Outlook (Email)",
                      "Microsoft Teams (Adaptive Card)",
                      "SQL Server (External)"
                    ],
                    "type": "string"
                  },
                  "x-ms-content-hint": "TEXT"
                },
                "number": {
                  "title": "Priority",
                  "type": "number",
                  "x-ms-dynamically-added": true,
                  "description": "200000000 for Normal, 200000001 for High ",
                  "x-ms-content-hint": "NUMBER"
                }
              },
              "required": [
                "text",
                "text_1",
                "text_2",
                "text_3",
                "text_4",
                "text_5",
                "text_6"
              ]
            }
          }
        }
      },
      "actions": {
        "Get_a_User_Email_Address_for_Target_User": {
          "runAfter": {},
          "metadata": {
            "operationMetadataId": "4b6f532d-74c4-4fe4-bebe-4d115fa89eb3"
          },
          "type": "OpenApiConnection",
          "inputs": {
            "host": {
              "connectionName": "shared_commondataserviceforapps",
              "operationId": "GetItem",
              "apiId": "/providers/Microsoft.PowerApps/apis/shared_commondataserviceforapps"
            },
            "parameters": {
              "entityName": "systemusers",
              "recordId": "@triggerBody()['text_5']",
              "$select": "internalemailaddress"
            },
            "authentication": {
              "type": "Raw",
              "value": "@json(decodeBase64(triggerOutputs().headers['X-MS-APIM-Tokens']))['$ConnectionKey']"
            }
          }
        },
        "Get_the_Owner_of_the_Contact_record": {
          "runAfter": {
            "Get_a_User_Email_Address_for_Target_User": [
              "Succeeded"
            ]
          },
          "metadata": {
            "operationMetadataId": "88921413-c46a-45ec-8726-f47a0b357565"
          },
          "type": "OpenApiConnection",
          "inputs": {
            "host": {
              "connectionName": "shared_commondataserviceforapps",
              "operationId": "GetItem",
              "apiId": "/providers/Microsoft.PowerApps/apis/shared_commondataserviceforapps"
            },
            "parameters": {
              "entityName": "contacts",
              "recordId": "@triggerBody()['text_2']",
              "$select": "_ownerid_value"
            },
            "authentication": {
              "type": "Raw",
              "value": "@json(decodeBase64(triggerOutputs().headers['X-MS-APIM-Tokens']))['$ConnectionKey']"
            }
          }
        },
        "Compose_Target_Url_for_External_Notifications": {
          "runAfter": {
            "Get_the_Owner_of_the_Contact_record": [
              "Succeeded"
            ]
          },
          "metadata": {
            "operationMetadataId": "9a2de009-a897-4d8f-b158-a4db85d53c40"
          },
          "type": "Compose",
          "inputs": "@concat(\r\n\t'https://', \r\n\turiHost(outputs('Get_a_User_Email_Address_for_Target_User')?['body/@odata.id']), \r\n\t'/main.aspx?appid=', \r\n\tparameters('Default App Id (mdt_DefaultAppId)'), \r\n\t'&pagetype=entityrecord&etn=', \r\n    substring(triggerBody()['text_3'], 0, lastIndexOf(triggerBody()['text_3'], 's')), \r\n\t'&id=', triggerBody()['text_4']\r\n)\r\n"
        },
        "Compose_Target_Url_for_In-App_Notification": {
          "runAfter": {
            "Compose_Target_Url_for_External_Notifications": [
              "Succeeded"
            ]
          },
          "metadata": {
            "operationMetadataId": "019bd905-97a0-4b53-b76b-b3a22dd44043"
          },
          "type": "Compose",
          "inputs": "@concat(\r\n    '?pagetype=entityrecord&etn=', \r\n    substring(triggerBody()['text_3'], 0, lastIndexOf(triggerBody()['text_3'], 's')), \r\n    '&id=', triggerBody()['text_4']\r\n)\r\n"
        },
        "Add_a_new_Notification_Log_record": {
          "runAfter": {
            "Compose_Target_Url_for_In-App_Notification": [
              "Succeeded"
            ]
          },
          "metadata": {
            "operationMetadataId": "948049d4-e50f-4939-a00f-ab32dafb5a9f"
          },
          "type": "OpenApiConnection",
          "inputs": {
            "host": {
              "connectionName": "shared_commondataserviceforapps",
              "operationId": "CreateRecord",
              "apiId": "/providers/Microsoft.PowerApps/apis/shared_commondataserviceforapps"
            },
            "parameters": {
              "entityName": "mdt_notificationlogs",
              "item/mdt_title": "@triggerBody()['text']",
              "item/mdt_body": "@triggerBody()['text_1']",
              "item/mdt_ContactId@odata.bind": "contacts/@{triggerBody()['text_2']}",
              "item/ownerid@odata.bind": "/@{outputs('Get_the_Owner_of_the_Contact_record')?['body/_ownerid_value@Microsoft.Dynamics.CRM.lookuplogicalname']}s/@{outputs('Get_the_Owner_of_the_Contact_record')?['body/_ownerid_value']}",
              "item/mdt_RegardingId_account@odata.bind": "@if(equals(triggerBody()['text_3'], 'accounts'), concat(triggerBody()['text_3'], '/', triggerBody()['text_4']), null)",
              "item/mdt_RegardingId_contact@odata.bind": "@if(equals(triggerBody()['text_3'], 'contacts'), concat(triggerBody()['text_3'], '/', triggerBody()['text_4']), null)",
              "item/mdt_SendToUserId@odata.bind": "systemusers/@{triggerBody()['text_5']}"
            },
            "authentication": {
              "type": "Raw",
              "value": "@json(decodeBase64(triggerOutputs().headers['X-MS-APIM-Tokens']))['$ConnectionKey']"
            }
          }
        },
        "Apply_to_each": {
          "foreach": "@triggerBody()['text_6']",
          "actions": {
            "Switch": {
              "runAfter": {},
              "cases": {
                "Case_In-App_Notification": {
                  "case": "Dataverse (In-App Notifications)",
                  "actions": {
                    "Add_a_new_In-App_Notification_record": {
                      "runAfter": {},
                      "type": "OpenApiConnection",
                      "inputs": {
                        "host": {
                          "connectionName": "shared_commondataserviceforapps",
                          "operationId": "CreateRecord",
                          "apiId": "/providers/Microsoft.PowerApps/apis/shared_commondataserviceforapps"
                        },
                        "parameters": {
                          "entityName": "appnotifications",
                          "item/title": "@triggerBody()['text']",
                          "item/body": "@triggerBody()['text_1']",
                          "item/ttlinseconds": 300,
                          "item/icontype": 100000000,
                          "item/ownerid@odata.bind": "systemusers/@{triggerBody()['text_5']}",
                          "item/priority": "@triggerBody()['number']",
                          "item/toasttype": 200000000
                        },
                        "authentication": {
                          "type": "Raw",
                          "value": "@json(decodeBase64(triggerOutputs().headers['X-MS-APIM-Tokens']))['$ConnectionKey']"
                        }
                      }
                    }
                  }
                },
                "Case_Outlook_Email": {
                  "case": "Microsoft Outlook (Email)",
                  "actions": {
                    "Send_an_email_(V2)": {
                      "runAfter": {},
                      "type": "OpenApiConnection",
                      "inputs": {
                        "host": {
                          "connectionName": "shared_office365",
                          "operationId": "SendEmailV2",
                          "apiId": "/providers/Microsoft.PowerApps/apis/shared_office365"
                        },
                        "parameters": {
                          "emailMessage/To": "@outputs('Get_a_User_Email_Address_for_Target_User')?['body/internalemailaddress']",
                          "emailMessage/Subject": "Dataverse Notification: @{triggerBody()['text']}",
                          "emailMessage/Body": "<p>A new notification has been received that requires your attention. Please see the notification details below. You can click at the link at the bottom of this email to navigate to the corresponding record in Dataverse<br>\n<br>\n<u><strong>Content:<br>\n</strong></u>@{triggerBody()['text_1']}<br>\n<br>\n<a href=\"@{outputs('Compose_Target_Url_for_External_Notifications')}\">Open in Dataverse</a></p>",
                          "emailMessage/Importance": "Normal"
                        },
                        "authentication": {
                          "type": "Raw",
                          "value": "@json(decodeBase64(triggerOutputs().headers['X-MS-APIM-Tokens']))['$ConnectionKey']"
                        }
                      }
                    }
                  }
                },
                "Case_Teams_Adaptive_Card": {
                  "case": "Microsoft Teams (Adaptive Card)",
                  "actions": {
                    "Post_adaptive_card_in_a_chat_or_channel": {
                      "runAfter": {},
                      "type": "OpenApiConnection",
                      "inputs": {
                        "host": {
                          "connectionName": "shared_teams",
                          "operationId": "PostCardToConversation",
                          "apiId": "/providers/Microsoft.PowerApps/apis/shared_teams"
                        },
                        "parameters": {
                          "poster": "Flow bot",
                          "location": "Chat with Flow bot",
                          "body/recipient": "@{outputs('Get_a_User_Email_Address_for_Target_User')?['body/internalemailaddress']};",
                          "body/messageBody": "{\n\"type\": \"AdaptiveCard\",\n\"body\": [\n{\n\"type\": \"TextBlock\",\n\"size\": \"Large\",\n\"weight\": \"Bolder\",\n\"text\": \"@{triggerBody()['text']}\"\n},\n{\n\"type\": \"TextBlock\",\n\"text\": \"@{triggerBody()['text_1']}\",\n\"wrap\": true\n}\n],\n\"actions\": [\n{\n\"type\": \"Action.OpenUrl\",\n\"title\": \"Open in Desktop\",\n\"url\": \"@{outputs('Compose_Target_Url_for_External_Notifications')}\"\n}\n],\n\"$schema\": \"http://adaptivecards.io/schemas/adaptive-card.json\",\n\"version\": \"1.4\"\n}"
                        },
                        "authentication": {
                          "type": "Raw",
                          "value": "@json(decodeBase64(triggerOutputs().headers['X-MS-APIM-Tokens']))['$ConnectionKey']"
                        }
                      }
                    }
                  }
                },
                "Case_External": {
                  "case": "SQL Server (External)",
                  "actions": {
                    "Insert_row_(V2)": {
                      "runAfter": {},
                      "type": "OpenApiConnection",
                      "inputs": {
                        "host": {
                          "connectionName": "shared_sql_1",
                          "operationId": "PostItem_V2",
                          "apiId": "/providers/Microsoft.PowerApps/apis/shared_sql"
                        },
                        "parameters": {
                          "server": "default",
                          "database": "default",
                          "table": "[dbo].[NotificationLog]",
                          "item/NotificationId": "@outputs('Add_a_new_Notification_Log_record')?['body/mdt_notificationlogid']",
                          "item/Title": "@outputs('Add_a_new_Notification_Log_record')?['body/mdt_title']",
                          "item/Body": "@outputs('Add_a_new_Notification_Log_record')?['body/mdt_body']",
                          "item/Contact": "@outputs('Add_a_new_Notification_Log_record')?['body/_mdt_contactid_value']",
                          "item/Recipient": "@outputs('Add_a_new_Notification_Log_record')?['body/_mdt_sendtouserid_value']",
                          "item/Regarding": "@outputs('Add_a_new_Notification_Log_record')?['body/_mdt_regardingid_value']"
                        },
                        "authentication": {
                          "type": "Raw",
                          "value": "@json(decodeBase64(triggerOutputs().headers['X-MS-APIM-Tokens']))['$ConnectionKey']"
                        }
                      }
                    }
                  }
                }
              },
              "default": {
                "actions": {}
              },
              "expression": "@items('Apply_to_each')",
              "metadata": {
                "operationMetadataId": "3e3cd8fd-e09a-4ea0-a9b0-1b9971dc5b14"
              },
              "type": "Switch"
            }
          },
          "runAfter": {
            "Add_a_new_Notification_Log_record": [
              "Succeeded"
            ]
          },
          "metadata": {
            "operationMetadataId": "cefd758e-0639-4287-8108-bb515cb6be0a"
          },
          "type": "Foreach"
        },
        "Respond_to_a_PowerApp_or_flow": {
          "runAfter": {
            "Apply_to_each": [
              "Succeeded"
            ]
          },
          "metadata": {
            "operationMetadataId": "5c2b274d-6528-4856-a9bf-49f794c2a2ff"
          },
          "type": "Response",
          "kind": "PowerApp",
          "inputs": {
            "statusCode": 200,
            "body": {
              "success": "@{true}"
            },
            "schema": {
              "type": "object",
              "properties": {
                "success": {
                  "title": "Success",
                  "x-ms-dynamically-added": true,
                  "type": "boolean"
                }
              }
            }
          }
        }
      }
    },
    "templateName": ""
  },
  "schemaVersion": "1.0.0.0"
}