{
  "properties": {
    "connectionReferences": {
      "shared_commondataserviceforapps": {
        "runtimeSource": "embedded",
        "connection": {
          "connectionReferenceLogicalName": "mdt_sharedcommondataserviceforapps_021cc"
        },
        "api": {
          "name": "shared_commondataserviceforapps"
        }
      }
    },
    "definition": {
      "$schema": "https://schema.management.azure.com/providers/Microsoft.Logic/schemas/2016-06-01/workflowdefinition.json#",
      "contentVersion": "1.0.0.0",
      "parameters": {
        "$connections": {
          "defaultValue": {},
          "type": "Object"
        },
        "$authentication": {
          "defaultValue": {},
          "type": "SecureObject"
        }
      },
      "triggers": {
        "When_a_row_is_added,_modified_or_deleted": {
          "metadata": {
            "operationMetadataId": "62060d70-95fa-44f2-a0d7-1bca8d49ffb7"
          },
          "type": "OpenApiConnectionWebhook",
          "inputs": {
            "host": {
              "connectionName": "shared_commondataserviceforapps",
              "operationId": "SubscribeWebhookTrigger",
              "apiId": "/providers/Microsoft.PowerApps/apis/shared_commondataserviceforapps"
            },
            "parameters": {
              "subscriptionRequest/message": 3,
              "subscriptionRequest/entityname": "mdt_lead",
              "subscriptionRequest/scope": 4,
              "subscriptionRequest/filteringattributes": "mdt_name, mdt_contactid, statuscode",
              "subscriptionRequest/filterexpression": "statuscode eq 3",
              "subscriptionRequest/runas": 3
            },
            "authentication": "@parameters('$authentication')"
          }
        }
      },
      "actions": {
        "Run_a_Child_Flow": {
          "runAfter": {},
          "metadata": {
            "operationMetadataId": "f4322c48-04ca-4a9e-947e-f8fe70f6e256"
          },
          "type": "Workflow",
          "inputs": {
            "host": {
              "workflowReferenceName": "48272dc0-8e94-ed11-aad1-000d3a1d5514"
            },
            "body": {
              "text": "A lead has been disqualified",
              "text_1": "The lead for @{triggerOutputs()?['body/mdt_fullname']}has been disqualified. Please check your data in SQL Server to validate the lead information.",
              "text_2": "@triggerOutputs()?['body/_mdt_contactid_value']",
              "text_3": "mdt_leads",
              "text_4": "@triggerOutputs()?['body/mdt_leadid']",
              "text_5": "@triggerOutputs()?['body/_modifiedby_value']",
              "text_6": [
                "SQL Server (External)"
              ]
            },
            "retryPolicy": {
              "type": "none"
            }
          }
        }
      }
    },
    "templateName": ""
  },
  "schemaVersion": "1.0.0.0"
}